nameOfPlace,Poverty Rate
California,12.1
Alameda County,9.2
Alameda city,7.1
Albany city,9.1
Ashland CDP,15.9
Berkeley city,17.7
Castro Valley CDP,7.1
Cherryland CDP,11.7
Dublin city,3.9
Emeryville city,12.2
Fairview CDP,2.2
Fremont city,5.3
Hayward city,9.6
Livermore city,4.3
Newark city,4.0
Oakland city,13.2
Piedmont city,3.5
Pleasanton city,5.3
San Leandro city,8.4
San Lorenzo CDP,5.8
Sunol CDP,6.3
Union City city,6.6
Alpine County,13.7
Alpine Village CDP,17.7
Bear Valley CDP (Alpine County),0.0
Kirkwood CDP (Combined Total - Alpine/Amador Counties),27.3
Markleeville CDP,4.9
Mesa Vista CDP,0.0
Amador County,7.8
Amador City city,9.3
Amador Pines CDP,0.9
Buckhorn CDP,8.0
Buena Vista CDP,14.6
Camanche North Shore CDP,16.0
Camanche Village CDP,1.3
Drytown CDP,16.7
Fiddletown CDP,39.3
Ione city,9.4
Jackson city,9.3
Kirkwood CDP (Combined Total - Alpine/Amador Counties),27.3
Lockwood CDP (Amador County),0.0
Martell CDP,0.0
Pine Grove CDP,5.0
Pioneer CDP,8.5
Plymouth city,15.3
Red Corral CDP,7.1
River Pines CDP,13.6
Sutter Creek city,6.6
Volcano CDP,39.0
Butte County,18.2
Bangor CDP,4.5
Berry Creek CDP,30.9
Biggs city,7.9
Butte Creek Canyon CDP,18.4
Butte Meadows CDP,-
Butte Valley CDP,1.9
Cherokee CDP,53.7
Chico city,22.2
Clipper Mills CDP,80.3
Cohasset CDP,14.5
Concow CDP,6.6
Durham CDP,5.7
Forbestown CDP,12.6
Forest Ranch CDP,2.9
Gridley city,9.5
Honcut CDP,45.7
Kelly Ridge CDP,8.6
Magalia CDP,11.2
Nord CDP,0.0
Oroville city,23.3
Oroville East CDP,7.7
Palermo CDP,21.6
Paradise town,16.5
Rackerby CDP,37.8
Richvale CDP,0.0
Robinson Mill CDP,51.4
South Oroville CDP,15.8
Stirling City CDP,52.8
Thermalito CDP,22.2
Yankee Hill CDP,6.9
Calaveras County,13.1
Angels city,12.1
Arnold CDP,5.4
Avery CDP,27.7
Copperopolis CDP,10.2
Dorrington CDP,9.8
Forest Meadows CDP,7.9
Mokelumne Hill CDP,0.0
Mountain Ranch CDP,0.0
Murphys CDP,12.3
Rail Road Flat CDP,56.4
Rancho Calaveras CDP,10.4
San Andreas CDP,37.5
Vallecito CDP,16.9
Valley Springs CDP,11.1
Wallace CDP,0.0
West Point CDP,17.0
Colusa County,10.9
Arbuckle CDP,1.8
College City CDP,0.0
Colusa city,16.2
Grimes CDP,45.6
Lodoga CDP,42.3
Maxwell CDP,22.0
Princeton CDP,24.9
Stonyford CDP,34.1
Williams city,5.6
Contra Costa County,8.3
Acalanes Ridge CDP,3.5
Alamo CDP,3.6
Alhambra Valley CDP,20.9
Antioch city,12.1
Bay Point CDP,14.3
Bayview CDP (Contra Costa County),1.8
Bethel Island CDP,17.8
Blackhawk CDP,6.8
Brentwood city,6.9
Byron CDP,11.4
Camino Tassajara CDP,6.5
Castle Hill CDP,0.8
Clayton city,1.7
Clyde CDP,4.0
Concord city,9.2
Contra Costa Centre CDP,9.6
Crockett CDP,12.0
Danville town,3.7
Diablo CDP,16.1
Discovery Bay CDP,6.1
East Richmond Heights CDP,5.5
El Cerrito city,8.1
El Sobrante CDP (Contra Costa County),9.6
Hercules city,4.7
Kensington CDP,3.4
Knightsen CDP,3.4
Lafayette city,4.6
Martinez city,5.3
Montalvin Manor CDP,7.0
Moraga town,7.8
Mountain View CDP,8.4
Norris Canyon CDP,3.8
North Gate CDP,1.7
North Richmond CDP,10.0
Oakley city,7.0
Orinda city,2.1
Pacheco CDP,7.6
Pinole city,5.5
Pittsburg city,9.9
Pleasant Hill city,6.4
Port Costa CDP,0.0
Reliez Valley CDP,5.1
Richmond city,14.3
Rodeo CDP,9.6
Rollingwood CDP,15.3
San Miguel CDP (Contra Costa County),2.4
San Pablo city,11.8
San Ramon city,4.2
Saranap CDP,3.4
Shell Ridge CDP,1.2
Tara Hills CDP,5.4
Vine Hill CDP,9.5
Walnut Creek city,5.7
Del Norte County,14.3
Bertsch-Oceanview CDP,9.5
Crescent City city,22.7
Fort Dick CDP,9.6
Gasquet CDP,36.3
Hiouchi CDP,22.0
Klamath CDP,25.6
Smith River CDP,9.2
El Dorado County,8.6
Auburn Lake Trails CDP,7.8
Cameron Park CDP,7.3
Camino CDP,4.2
Cold Springs CDP (El Dorado County),5.4
Coloma CDP,22.4
Diamond Springs CDP,11.8
El Dorado Hills CDP,4.3
Georgetown CDP,8.3
Grizzly Flats CDP,0.0
Meyers CDP,4.2
Placerville city,16.0
Pollock Pines CDP,20.8
Shingle Springs CDP,7.6
South Lake Tahoe city,13.3
Tahoma CDP (Combined Total - El Dorado/Placer counties),12.3
Fresno County,19.5
Auberry CDP,9.8
Big Creek CDP,22.7
Biola CDP,41.8
Bowles CDP,48.5
Calwa CDP,40.2
Cantua Creek CDP,50.6
Caruthers CDP,20.9
Centerville CDP (Fresno County),15.5
Clovis city,8.4
Coalinga city,18.7
Del Rey CDP,28.5
Easton CDP,18.9
Firebaugh city,43.3
Fort Washington CDP,0.0
Fowler city,21.0
Fresno city,22.1
Friant CDP,11.1
Huron city,32.1
Kerman city,21.9
Kingsburg city,9.6
Lanare CDP,26.5
Laton CDP,6.6
Malaga CDP,11.0
Mayfair CDP,26.4
Mendota city,32.7
Millerton CDP,0.0
Minkler CDP,6.0
Monmouth CDP,20.3
Old Fig Garden CDP,11.5
Orange Cove city,46.5
Parlier city,27.4
Raisin City CDP,9.4
Reedley city,16.0
Riverdale CDP,13.9
Sanger city,15.9
San Joaquin city,33.2
Selma city,21.2
Shaver Lake CDP,7.2
Squaw Valley CDP,8.3
Sunnyside CDP,11.6
Tarpey Village CDP,19.8
Three Rocks CDP,18.8
Tranquillity CDP,9.4
West Park CDP,27.9
Westside CDP,2.6
Glenn County,15.3
Artois CDP,0.0
Elk Creek CDP,0.0
Hamilton City CDP,15.9
Orland city,14.9
Willows city,25.3
Humboldt County,19.8
Alderpoint CDP,85.7
Arcata city,34.5
Bayview CDP (Humboldt County),35.5
Benbow CDP,11.8
Big Lagoon CDP,9.6
Blue Lake city,24.4
Cutten CDP,6.2
Eureka city,19.3
Fairhaven CDP,17.5
Ferndale city,12.0
Fieldbrook CDP,6.0
Fields Landing CDP,45.5
Fortuna city,14.6
Garberville CDP,45.5
Hoopa CDP,28.5
Humboldt Hill CDP,12.2
Hydesville CDP,19.2
Indianola CDP,25.8
Kep'el CDP,57.9
Loleta CDP,6.7
McKinleyville CDP,14.1
Manila CDP,7.8
Miranda CDP,54.7
Myers Flat CDP,37.5
Myrtletown CDP,18.8
Orick CDP,18.3
Phillipsville CDP,-
Pine Hills CDP,20.3
Redcrest CDP,-
Redway CDP,22.4
Rio Dell city,10.0
Samoa CDP,6.7
Scotia CDP,15.7
Shelter Cove CDP,22.0
Trinidad city,14.0
Wautec CDP,52.9
Weitchpec CDP,70.9
Weott CDP,-
Westhaven-Moonstone CDP,10.4
Willow Creek CDP,11.3
Imperial County,21.1
Bombay Beach CDP,69.4
Brawley city,23.6
Calexico city,22.6
Calipatria city,28.6
Desert Shores CDP,21.4
El Centro city,21.1
El Centro Naval Air Facility CDP,0.0
Heber CDP,16.1
Holtville city,23.7
Imperial city,11.1
Niland CDP,50.3
Ocotillo CDP,43.8
Palo Verde CDP,0.0
Salton City CDP,12.2
Salton Sea Beach CDP,62.0
Seeley CDP,22.2
Westmorland city,48.6
Winterhaven CDP,73.6
Inyo County,11.9
Big Pine CDP,8.7
Bishop city,7.3
Cartago CDP,0.0
Charleston View CDP,-
Darwin CDP,0.0
Dixon Lane-MeadowCreek CDP,16.9
Furnace Creek CDP,31.5
Homewood Canyon CDP,0.0
Independence CDP,8.1
Keeler CDP,57.1
Lone Pine CDP,10.2
Mesa CDP,13.6
Olancha CDP,0.0
Pearsonville CDP,-
Round Valley CDP,19.0
Shoshone CDP,0.0
Tecopa CDP,32.6
Trona CDP,-
Valley Wells CDP,-
West Bishop CDP,6.5
Wilkerson CDP,6.4
Kern County,19.3
Alta Sierra CDP (Kern County),53.8
Arvin city,28.7
Bakersfield city,16.5
Bakersfield Country Club CDP,11.2
Bear Valley Springs CDP,3.2
Benton Park CDP,21.4
Bodfish CDP,51.2
Boron CDP,27.5
Buttonwillow CDP,25.2
California City city,23.2
Casa Loma CDP,36.5
Cherokee Strip CDP,87.3
China Lake Acres CDP,24.1
Choctaw Valley CDP,0.0
Cottonwood CDP (Kern County),46.6
Delano city,19.6
Derby Acres CDP,15.6
Di Giorgio CDP,20.0
Dustin Acres CDP,1.1
East Bakersfield CDP,45.6
East Niles CDP,28.3
Edison CDP,42.9
Edmundson Acres CDP,13.4
Edwards AFB CDP,3.1
El Adobe CDP,0.0
Fairfax CDP,28.2
Fellows CDP,0.0
Ford City CDP,41.6
Frazier Park CDP,35.8
Fuller Acres CDP,53.3
Glennville CDP,18.2
Golden Hills CDP,9.1
Goodmanville CDP,0.0
Greenacres CDP,4.2
Greenfield CDP,9.5
Hillcrest CDP,22.7
Inyokern CDP,20.3
Johannesburg CDP,47.9
Keene CDP,0.0
Kernville CDP,12.9
La Cresta CDP,13.9
Lake Isabella CDP,36.4
Lake of the Woods CDP,20.3
Lakeside CDP (Kern County),17.3
Lamont CDP,32.4
Lebec CDP,37.3
Lost Hills CDP,22.0
McFarland city,26.8
McKittrick CDP,41.9
Maricopa city,18.2
Mettler CDP,29.5
Mexican Colony CDP,37.4
Mojave CDP,36.1
Mountain Meadows CDP,0.0
Mountain Mesa CDP,10.2
North Edwards CDP,23.7
Oildale CDP,29.1
Olde Stockdale CDP,0.0
Old River CDP,0.0
Old Stine CDP,25.8
Onyx CDP,27.8
Pine Mountain Club CDP,15.9
Potomac Park CDP,24.5
Pumpkin Center CDP,31.4
Randsburg CDP,0.0
Rexland Acres CDP,26.9
Ridgecrest city,10.6
Ridgecrest Heights CDP,12.8
Rivergrove CDP,0.0
Rosamond CDP,14.7
Rosedale CDP,5.1
Shafter city,22.7
Smith Corner CDP,16.5
South Taft CDP,37.3
Squirrel Mountain Valley CDP,7.0
Stallion Springs CDP,5.4
Stebbins CDP,4.4
Taft city,21.8
Taft Heights CDP,16.9
Tarina CDP,-
Tehachapi city,12.6
Tupman CDP,26.7
Valley Acres CDP,17.5
Wasco city,20.5
Weedpatch CDP,48.0
Weldon CDP,35.7
Wofford Heights CDP,24.7
Woody CDP,3.1
Kings County,16.2
Armona CDP,14.0
Avenal city,20.2
Corcoran city,27.6
Grangeville CDP,0.0
Hanford city,14.5
Hardwick CDP,23.1
Home Garden CDP,13.1
Kettleman City CDP,28.7
Lemoore city,15.0
Lemoore Station CDP,10.2
Stratford CDP,22.0
Lake County,16.6
Clearlake city,24.7
Clearlake Oaks CDP,20.9
Clearlake Riviera CDP,3.1
Cobb CDP,3.5
Hidden Valley Lake CDP,6.9
Kelseyville CDP,20.5
Lakeport city,11.1
Lower Lake CDP,46.5
Lucerne CDP,16.6
Middletown CDP,4.7
Nice CDP,12.9
North Lakeport CDP,18.3
Soda Bay CDP,6.9
Spring Valley CDP (Lake County),17.3
Upper Lake CDP,9.0
Lassen County,15.2
Bieber CDP,2.6
Clear Creek CDP,7.8
Doyle CDP,26.7
Herlong CDP,17.4
Janesville CDP,7.6
Johnstonville CDP,2.8
Litchfield CDP,11.9
Little Valley CDP,30.0
Madeline CDP,0.0
Milford CDP,-
Nubieber CDP,83.3
Patton Village CDP,47.6
Spaulding CDP,50.6
Stones Landing CDP,0.0
Susanville city,17.5
Westwood CDP,34.3
Los Angeles County,13.7
Acton CDP,10.2
Agoura Hills city,5.0
Agua Dulce CDP,10.6
Alhambra city,12.5
Alondra Park CDP,7.2
Altadena CDP,6.8
Arcadia city,8.9
Artesia city,7.3
Avalon city,8.6
Avocado Heights CDP,8.3
Azusa city,13.2
Baldwin Park city,13.8
Bell city,23.4
Bellflower city,14.2
Bell Gardens city,23.6
Beverly Hills city,10.2
Bradbury city,5.6
Burbank city,10.7
Calabasas city,9.0
Carson city,9.2
Castaic CDP,3.7
Cerritos city,5.0
Charter Oak CDP,13.1
Citrus CDP,10.0
Claremont city,5.9
Commerce city,13.5
Compton city,17.7
Covina city,7.7
Cudahy city,26.7
Culver City city,5.9
Del Aire CDP,7.3
Desert View Highlands CDP,3.8
Diamond Bar city,8.6
Downey city,9.5
Duarte city,7.9
East Los Angeles CDP,17.2
East Pasadena CDP,6.6
East Rancho Dominguez CDP,18.5
East San Gabriel CDP,11.1
East Whittier CDP,6.2
Elizabeth Lake CDP,3.7
El Monte city,16.9
El Segundo city,4.7
Florence-Graham CDP,21.7
Gardena city,11.1
Glendale city,13.4
Glendora city,7.2
Green Valley CDP (Los Angeles County),14.4
Hacienda Heights CDP,10.6
Hasley Canyon CDP,9.3
Hawaiian Gardens city,14.4
Hawthorne city,15.6
Hermosa Beach city,5.8
Hidden Hills city,9.6
Huntington Park city,17.9
Industry city,12.7
Inglewood city,15.4
Irwindale city,6.7
La Cañada Flintridge city,3.3
La Crescenta-Montrose CDP,6.1
Ladera Heights CDP,7.2
La Habra Heights city,4.1
Lake Hughes CDP,4.4
Lake Los Angeles CDP,14.0
Lakewood city,6.0
La Mirada city,6.1
Lancaster city,17.6
La Puente city,9.6
La Verne city,8.5
Lawndale city,10.5
Lennox CDP,15.9
Leona Valley CDP,5.6
Littlerock CDP,3.6
Lomita city,12.1
Long Beach city,15.1
Los Angeles city,16.6
Lynwood city,16.1
Malibu city,8.5
Manhattan Beach city,3.2
Marina del Rey CDP,4.0
Mayflower Village CDP,8.5
Maywood city,20.3
Monrovia city,10.1
Montebello city,13.0
Monterey Park city,12.0
North El Monte CDP,9.6
Norwalk city,9.0
Palmdale city,14.1
Palos Verdes Estates city,3.8
Paramount city,13.4
Pasadena city,13.4
Pepperdine University CDP,0.0
Pico Rivera city,9.6
Pomona city,14.8
Quartz Hill CDP,10.4
Rancho Palos Verdes city,4.0
Redondo Beach city,5.3
Rolling Hills city,6.2
Rolling Hills Estates city,2.4
Rose Hills CDP,3.8
Rosemead city,12.6
Rowland Heights CDP,9.9
San Dimas city,9.3
San Fernando city,11.1
San Gabriel city,12.9
San Marino city,9.0
San Pasqual CDP,4.3
Santa Clarita city,8.0
Santa Fe Springs city,10.3
Santa Monica city,11.6
Sierra Madre city,6.1
Signal Hill city,9.5
South El Monte city,21.2
South Gate city,13.7
South Monrovia Island CDP,8.5
South Pasadena city,4.8
South San Gabriel CDP,4.9
South San Jose Hills CDP,14.6
South Whittier CDP,7.7
Stevenson Ranch CDP,5.0
Sun Village CDP,19.8
Temple City city,10.1
Topanga CDP,6.4
Torrance city,6.7
Valinda CDP,9.6
Val Verde CDP,4.5
Vernon city,0.3
View Park-Windsor Hills CDP,9.3
Vincent CDP,6.1
Walnut city,7.8
Walnut Park CDP,15.7
West Athens CDP,13.8
West Carson CDP,9.0
West Covina city,9.3
West Hollywood city,12.7
Westlake Village city,5.0
Westmont CDP,22.8
West Puente Valley CDP,12.2
West Rancho Dominguez CDP,13.2
West Whittier-Los Nietos CDP,12.2
Whittier city,8.8
Willowbrook CDP,19.9
Madera County,20.1
Ahwahnee CDP,8.1
Bass Lake CDP,20.4
Bonadelle Ranchos CDP,6.5
Chowchilla city,16.7
Coarsegold CDP,8.2
Fairmead CDP,30.1
La Vina CDP,57.1
Madera city,27.7
Madera Acres CDP,15.0
Madera Ranchos CDP,14.9
Nipinnawasee CDP,0.9
North Fork CDP,15.7
Oakhurst CDP,16.2
Parksdale CDP,29.9
Parkwood CDP,24.2
Rolling Hills CDP,8.5
Yosemite Lakes CDP,2.4
Marin County,7.0
Alto CDP,0.0
Belvedere city,5.9
Black Point-Green Point CDP,1.5
Bolinas CDP,11.4
Corte Madera town,3.7
Dillon Beach CDP,0.0
Fairfax town,9.9
Inverness CDP,11.6
Kentfield CDP,4.6
Lagunitas-Forest Knolls CDP,14.1
Larkspur city,6.8
Lucas Valley-Marinwood CDP,3.8
Marin City CDP,9.2
Mill Valley city,4.6
Muir Beach CDP,11.3
Nicasio CDP,0.0
Novato city,8.8
Point Reyes Station CDP,12.6
Ross town,3.9
San Anselmo town,4.3
San Geronimo CDP,0.0
San Rafael city,8.9
Santa Venetia CDP,5.3
Sausalito city,7.7
Sleepy Hollow CDP,2.2
Stinson Beach CDP,4.6
Strawberry CDP (Marin County),10.7
Tamalpais-Homestead Valley CDP,4.3
Tiburon town,1.4
Tomales CDP,51.1
Woodacre CDP,7.8
Mariposa County,16.0
Bear Valley CDP (Mariposa County),0.0
Bootjack CDP,3.3
Buck Meadows CDP,-
Catheys Valley CDP,17.0
Coulterville CDP,36.0
El Portal CDP,0.0
Fish Camp CDP,-
Foresta CDP,25.3
Greeley Hill CDP,25.1
Hornitos CDP,0.0
Lake Don Pedro CDP,1.6
Mariposa CDP,24.3
Midpines CDP,0.0
Mt. Bullion CDP,0.0
Wawona CDP,0.0
Yosemite Valley CDP,22.5
Yosemite West CDP,3.4
Mendocino County,16.2
Albion CDP,43.5
Anchor Bay CDP,15.7
Boonville CDP,5.9
Brooktrails CDP,4.7
Calpella CDP,0.0
Caspar CDP,4.7
Cleone CDP,4.0
Comptche CDP,37.5
Covelo CDP,37.0
Fort Bragg city,22.6
Hopland CDP,22.3
Laytonville CDP,9.2
Leggett CDP,52.2
Little River CDP,39.9
Manchester CDP,0.0
Mendocino CDP,0.0
Philo CDP,20.0
Point Arena city,19.1
Potter Valley CDP,5.8
Redwood Valley CDP,7.3
Talmage CDP,41.8
Ukiah city,16.7
Willits city,16.8
Merced County,18.5
Atwater city,17.5
Ballico CDP,15.3
Bear Creek CDP,0.0
Cressey CDP,8.6
Delhi CDP,14.2
Dos Palos city,11.4
Dos Palos Y CDP,31.4
El Nido CDP,18.1
Franklin CDP (Merced County),20.7
Gustine city,4.1
Hilmar-Irwin CDP,21.3
Le Grand CDP,11.8
Livingston city,16.6
Los Banos city,15.0
McSwain CDP,12.1
Merced city,25.2
Planada CDP,30.1
Santa Nella CDP,5.6
Snelling CDP,9.1
South Dos Palos CDP,27.8
Stevinson CDP,0.0
Tuttle CDP,0.0
University of California-Merced CDP,-
Volta CDP,15.8
Winton CDP,16.5
Modoc County,16.9
Adin CDP,4.1
Alturas city,19.4
California Pines CDP,3.3
Canby CDP,76.5
Cedarville CDP,9.1
Daphnedale Park CDP,28.6
Eagleville CDP,0.0
Fort Bidwell CDP,29.6
Lake City CDP,0.0
Likely CDP,-
Lookout CDP,0.0
Newell CDP,28.5
New Pine Creek CDP,34.2
Mono County,11.3
Aspen Springs CDP,0.0
Benton CDP,24.2
Bridgeport CDP,9.2
Chalfant CDP,20.8
Coleville CDP,3.1
Crowley Lake CDP,33.0
June Lake CDP,9.9
Lee Vining CDP,0.0
McGee Creek CDP,-
Mammoth Lakes town,8.8
Mono City CDP,0.0
Paradise CDP,3.3
Sunny Slopes CDP,0.0
Swall Meadows CDP,0.5
Topaz CDP,0.0
Twin Lakes CDP (Mono County),0.0
Virginia Lakes CDP,-
Walker CDP,21.0
Monterey County,12.3
Aromas CDP (Combined Total-Monterey/San Benito Counties),3.1
Boronda CDP,10.4
Bradley CDP,0.0
Carmel-by-the-Sea city,0.7
Carmel Valley Village CDP,6.3
Castroville CDP,17.0
Chualar CDP,22.5
Del Monte Forest CDP,3.8
Del Rey Oaks city,5.6
Elkhorn CDP,1.9
Fort Hunter Liggett CDP,-
Gonzales city,8.6
Greenfield city,12.2
King City city,19.2
Las Lomas CDP,17.1
Lockwood CDP (Monterey County),14.0
Marina city,11.0
Monterey city,10.7
Moss Landing CDP,55.6
Pacific Grove city,7.1
Pajaro CDP,18.3
Pine Canyon CDP,5.6
Prunedale CDP,8.8
Salinas city,14.2
San Ardo CDP,20.0
Sand City city,6.0
San Lucas CDP,20.2
Seaside city,13.0
Soledad city,17.2
Spreckels CDP,0.0
Napa County,7.9
American Canyon city,7.4
Angwin CDP,10.9
Calistoga city,5.4
Deer Park CDP,6.2
Moskowite Corner CDP,9.6
Napa city,8.1
Oakville CDP,-
Rutherford CDP,0.0
St. Helena city,5.7
Silverado Resort CDP,6.4
Yountville city,10.6
Nevada County,10.4
Alta Sierra CDP (Nevada County),7.4
Floriston CDP,0.0
Graniteville CDP,100.0
Grass Valley city,18.2
Kingvale CDP (Combined Total-Nevada/Placer Counties),0.0
Lake of the Pines CDP,6.8
Lake Wildwood CDP,12.3
Nevada City city,10.0
North San Juan CDP,65.1
Penn Valley CDP,1.3
Rough and Ready CDP,9.6
Soda Springs CDP,0.0
Truckee town,9.0
Washington CDP,19.7
Orange County,9.7
Aliso Viejo city,4.9
Anaheim city,12.6
Brea city,6.7
Buena Park city,8.8
Costa Mesa city,9.5
Coto de Caza CDP,3.3
Cypress city,7.3
Dana Point city,6.2
Fountain Valley city,7.0
Fullerton city,12.3
Garden Grove city,12.6
Huntington Beach city,7.3
Irvine city,12.5
Ladera Ranch CDP,2.8
Laguna Beach city,5.5
Laguna Hills city,8.3
Laguna Niguel city,7.4
Laguna Woods city,10.7
La Habra city,9.8
Lake Forest city,7.3
La Palma city,6.2
Las Flores CDP (Orange County),9.7
Los Alamitos city,8.8
Midway City CDP,18.0
Mission Viejo city,4.9
Modjeska CDP,3.1
Newport Beach city,7.9
North Tustin CDP,4.4
Orange city,9.2
Placentia city,8.2
Rancho Mission Viejo CDP,2.4
Rancho Santa Margarita city,3.9
Rossmoor CDP,3.3
San Clemente city,5.6
San Juan Capistrano city,9.1
Santa Ana city,11.5
Seal Beach city,6.2
Silverado CDP,17.4
Stanton city,12.9
Trabuco Canyon CDP,13.0
Tustin city,10.1
Villa Park city,7.2
Westminster city,15.7
Williams Canyon CDP,0.0
Yorba Linda city,6.0
Placer County,6.8
Alta CDP,5.4
Auburn city,14.5
Carnelian Bay CDP,0.0
Cedar Flat CDP,3.9
Colfax city,11.6
Dollar Point CDP,1.5
Dutch Flat CDP,9.6
Foresthill CDP,20.5
Granite Bay CDP,5.0
Kings Beach CDP,18.2
Kingvale CDP (Combined Total-Nevada/Placer Counties),0.0
Lincoln city,8.0
Loomis town,9.0
Meadow Vista CDP,2.3
Newcastle CDP,9.6
North Auburn CDP,12.1
Penryn CDP,3.0
Rocklin city,4.3
Roseville city,6.3
Sheridan CDP,1.4
Sunnyside-Tahoe City CDP,2.0
Tahoe Vista CDP,8.1
Tahoma CDP (Combined Total - El Dorado/Placer counties),12.3
Plumas County,10.9
Almanor CDP,-
Beckwourth CDP,6.6
Belden CDP,-
Blairsden CDP,-
Bucks Lake CDP,0.0
Canyondam CDP,0.0
Caribou CDP,-
Chester CDP,9.0
Chilcoot-Vinton CDP,10.7
Clio CDP,49.7
Crescent Mills CDP,39.4
C-Road CDP,0.0
Cromberg CDP,0.0
Delleker CDP,6.3
East Quincy CDP,14.4
East Shore CDP,9.1
Gold Mountain CDP,0.0
Graeagle CDP,16.5
Greenhorn CDP,17.2
Greenville CDP,12.8
Hamilton Branch CDP,12.6
Indian Falls CDP,-
Iron Horse CDP,0.0
Johnsville CDP,-
Keddie CDP,0.0
Lake Almanor Country Club CDP,23.4
Lake Almanor Peninsula CDP,3.4
Lake Almanor West CDP,0.0
Lake Davis CDP,0.0
La Porte CDP,0.0
Little Grass Valley CDP,-
Mabie CDP,0.0
Meadow Valley CDP,4.8
Mohawk Vista CDP,28.6
Paxton CDP,-
Plumas Eureka CDP,7.7
Portola city,21.1
Prattville CDP,0.0
Quincy CDP,11.3
Spring Garden CDP,-
Taylorsville CDP,0.0
Tobin CDP,-
Twain CDP,51.1
Valley Ranch CDP,0.0
Warner Valley CDP,-
Whitehawk CDP,0.0
Riverside County,11.4
Aguanga CDP,33.5
Anza CDP,8.3
Banning city,18.9
Beaumont city,7.9
Bermuda Dunes CDP,6.3
Blythe city,22.8
Cabazon CDP,15.4
Calimesa city,7.6
Canyon Lake city,9.0
Cathedral City city,17.3
Cherry Valley CDP,9.9
Coachella city,11.2
Corona city,8.5
Coronita CDP,3.3
Desert Center CDP,25.1
Desert Edge CDP,19.5
Desert Hot Springs city,21.0
Desert Palms CDP,9.6
East Hemet CDP,18.8
Eastvale city,4.3
El Cerrito CDP,9.0
El Sobrante CDP (Riverside County),3.4
French Valley CDP,5.8
Garnet CDP,14.7
Good Hope CDP,20.2
Green Acres CDP,9.9
Hemet city,17.4
Highgrove CDP,6.5
Home Gardens CDP,11.5
Homeland CDP,8.9
Idyllwild-Pine Cove CDP,11.3
Indian Wells city,4.7
Indio city,13.2
Indio Hills CDP,3.2
Jurupa Valley city,10.3
Lake Elsinore city,10.3
Lakeland Village CDP,8.0
Lake Mathews CDP,10.1
Lake Riverside CDP,2.8
Lakeview CDP,17.6
La Quinta city,9.5
March ARB CDP,29.6
Meadowbrook CDP,14.7
Mead Valley CDP,12.9
Mecca CDP,15.3
Menifee city,9.0
Mesa Verde CDP,17.2
Moreno Valley city,12.9
Mountain Center CDP,0.0
Murrieta city,6.6
Norco city,5.5
North Shore CDP,13.1
Nuevo CDP,11.4
Oasis CDP,43.0
Palm Desert city,12.9
Palm Springs city,13.9
Perris city,12.7
Rancho Mirage city,11.0
Ripley CDP,48.6
Riverside city,12.8
Romoland CDP,19.1
Sage CDP,10.8
San Jacinto city,17.1
Sky Valley CDP,13.1
Temecula city,7.8
Temescal Valley CDP,6.5
Thermal CDP,23.1
Thousand Palms CDP,13.1
Valle Vista CDP,17.6
Vista Santa Rosa CDP,6.2
Warm Springs CDP,31.1
Whitewater CDP,22.5
Wildomar city,10.0
Winchester CDP,10.4
Woodcrest CDP,4.9
Sacramento County,13.1
Antelope CDP,10.4
Arden-Arcade CDP,19.3
Carmichael CDP,12.0
Citrus Heights city,10.1
Clay CDP,5.5
Courtland CDP,6.0
Elk Grove city,8.8
Elverta CDP,9.9
Fair Oaks CDP,8.2
Florin CDP,18.4
Folsom city,5.3
Foothill Farms CDP,17.0
Franklin CDP (Sacramento County),28.0
Freeport CDP,-
Fruitridge Pocket CDP,33.1
Galt city,7.2
Gold River CDP,2.6
Herald CDP,13.5
Hood CDP,15.0
Isleton city,32.3
La Riviera CDP,12.3
Lemon Hill CDP,29.3
McClellan Park CDP,45.7
Mather CDP,5.1
North Highlands CDP,20.5
Orangevale CDP,9.3
Parkway CDP,20.9
Rancho Cordova city,11.6
Rancho Murieta CDP,4.2
Rio Linda CDP,13.3
Rosemont CDP,12.4
Sacramento city,14.8
Vineyard CDP,12.1
Walnut Grove CDP,17.9
Wilton CDP,4.7
San Benito County,7.5
Aromas CDP (Combined Total-Monterey/San Benito Counties),3.1
Hollister city,9.4
Ridgemark CDP,4.0
San Juan Bautista city,6.9
Tres Pinos CDP,2.7
San Bernardino County,13.8
Adelanto city,17.9
Apple Valley town,17.0
Baker CDP,30.8
Barstow city,22.5
Big Bear City CDP,16.9
Big Bear Lake city,13.9
Big River CDP,17.1
Bloomington CDP,15.7
Bluewater CDP,4.8
Chino city,8.2
Chino Hills city,7.2
Colton city,15.4
Crestline CDP,11.6
Fontana city,10.5
Fort Irwin CDP,11.6
Grand Terrace city,7.4
Hesperia city,18.1
Highland city,15.9
Homestead Valley CDP,23.6
Joshua Tree CDP,22.3
Lake Arrowhead CDP,12.9
Lenwood CDP,20.0
Loma Linda city,12.8
Lucerne Valley CDP,32.4
Lytle Creek CDP,18.2
Mentone CDP,12.7
Montclair city,14.9
Morongo Valley CDP,25.8
Mountain View Acres CDP,28.7
Muscoy CDP,18.3
Needles city,29.3
Oak Glen CDP,18.8
Oak Hills CDP,6.1
Ontario city,12.9
Phelan CDP,16.7
Piñon Hills CDP,13.8
Rancho Cucamonga city,7.5
Redlands city,8.6
Rialto city,13.0
Running Springs CDP,7.1
San Antonio Heights CDP,8.1
San Bernardino city,20.2
Searles Valley CDP,19.8
Silver Lakes CDP,2.2
Spring Valley Lake CDP,5.4
Twentynine Palms city,17.2
Upland city,10.5
Victorville city,19.1
Wrightwood CDP,14.6
Yermo CDP,9.7
Yucaipa city,8.5
Yucca Valley town,20.2
San Diego County,10.6
Alpine CDP,8.9
Bonita CDP,5.8
Bonsall CDP,10.7
Borrego Springs CDP,3.2
Bostonia CDP,14.4
Boulevard CDP,40.7
Campo CDP,27.6
Camp Pendleton Mainside CDP,9.6
Camp Pendleton South CDP,8.4
Carlsbad city,6.9
Casa de Oro-Mount Helix CDP,7.8
Chula Vista city,8.8
Coronado city,5.8
Crest CDP,4.5
Del Dios CDP,9.9
Del Mar city,1.7
Descanso CDP,0.8
El Cajon city,18.9
Elfin Forest CDP,3.1
Encinitas city,7.1
Escondido city,13.2
Eucalyptus Hills CDP,3.8
Fairbanks Ranch CDP,21.8
Fallbrook CDP,15.0
Granite Hills CDP,10.8
Harbison Canyon CDP,6.2
Harmony Grove CDP,4.2
Hidden Meadows CDP,8.5
Imperial Beach city,15.3
Jacumba CDP,41.4
Jamul CDP,5.5
Julian CDP,1.9
Lake San Marcos CDP,5.2
Lakeside CDP (San Diego County),7.9
La Mesa city,11.7
La Presa CDP,10.1
Lemon Grove city,10.0
Mount Laguna CDP,13.5
National City city,14.1
Oceanside city,9.2
Pala CDP,13.2
Pine Valley CDP,0.8
Potrero CDP,27.3
Poway city,5.9
Rainbow CDP,9.2
Ramona CDP,5.5
Rancho San Diego CDP,6.5
Rancho Santa Fe CDP,3.4
San Diego city,11.4
San Diego Country Estates CDP,2.0
San Marcos city,9.7
Santee city,8.4
Solana Beach city,4.8
Spring Valley CDP (San Diego County),13.1
Valley Center CDP,14.2
Vista city,11.0
Winter Gardens CDP,7.7
San Francisco County,10.5
San Francisco city,10.5
San Joaquin County,12.9
Acampo CDP,29.0
August CDP,22.6
Collierville CDP,2.8
Country Club CDP,13.8
Dogtown CDP,8.5
Escalon city,9.5
Farmington CDP,53.2
French Camp CDP,24.6
Garden Acres CDP,14.8
Kennedy CDP,24.4
Lathrop city,8.5
Lincoln Village CDP,11.0
Linden CDP,4.1
Lockeford CDP,9.8
Lodi city,14.3
Manteca city,10.0
Morada CDP,3.5
Mountain House CDP,3.5
Peters CDP,12.9
Ripon city,6.1
Stockton city,15.6
Taft Mosswood CDP,23.4
Terminous CDP,7.9
Thornton CDP,36.7
Tracy city,8.7
Victor CDP,0.0
Waterloo CDP,7.0
Woodbridge CDP,6.7
San Luis Obispo County,12.6
Arroyo Grande city,6.0
Atascadero city,8.8
Avila Beach CDP,10.2
Blacklake CDP,1.0
California Polytechnic State University CDP,0.0
Callender CDP,1.1
Cambria CDP,8.6
Cayucos CDP,10.0
Creston CDP,-
Edna CDP,0.0
El Paso de Robles (Paso Robles) city,11.0
Garden Farms CDP,20.0
Grover Beach city,10.6
Lake Nacimiento CDP,6.3
Los Berros CDP,2.7
Los Osos CDP,9.4
Los Ranchos CDP,0.4
Morro Bay city,9.8
Nipomo CDP,7.4
Oak Shores CDP,11.9
Oceano CDP,13.6
Pismo Beach city,7.9
San Luis Obispo city,31.5
San Miguel CDP (San Luis Obispo County),29.9
San Simeon CDP,0.0
Santa Margarita CDP,1.7
Shandon CDP,6.7
Templeton CDP,5.4
Whitley Gardens CDP,0.0
Woodlands CDP,1.1
San Mateo County,6.4
Atherton town,3.9
Baywood Park CDP,1.3
Belmont city,6.9
Brisbane city,5.0
Broadmoor CDP,1.5
Burlingame city,5.0
Colma town,7.7
Daly City city,7.6
East Palo Alto city,12.2
El Granada CDP,3.4
Emerald Lake Hills CDP,1.1
Foster City city,3.8
Half Moon Bay city,6.8
Highlands CDP,5.3
Hillsborough town,4.0
Ladera CDP,1.1
La Honda CDP,3.0
Loma Mar CDP,0.0
Menlo Park city,5.5
Millbrae city,6.4
Montara CDP,4.0
Moss Beach CDP,5.3
North Fair Oaks CDP,11.5
Pacifica city,5.6
Pescadero CDP,12.0
Portola Valley town,4.4
Redwood City city,6.4
San Bruno city,5.6
San Carlos city,3.0
San Mateo city,7.3
South San Francisco city,6.8
West Menlo Park CDP,4.1
Woodside town,5.5
Santa Barbara County,13.5
Ballard CDP,9.2
Buellton city,2.0
Carpinteria city,5.4
Casmalia CDP,17.2
Cuyama CDP,0.0
Eastern Goleta Valley CDP,6.8
Garey CDP,0.0
Goleta city,11.5
Guadalupe city,27.6
Isla Vista CDP,72.4
Lompoc city,17.2
Los Alamos CDP,3.6
Los Olivos CDP,7.6
Mission Canyon CDP,5.2
Mission Hills CDP,1.7
Montecito CDP,7.8
New Cuyama CDP,16.9
Orcutt CDP,6.2
Santa Barbara city,13.0
Santa Maria city,13.5
Santa Ynez CDP,11.7
Sisquoc CDP,19.4
Solvang city,7.2
Summerland CDP,7.1
Toro Canyon CDP,5.2
University of California-Santa Barbara CDP,12.5
Vandenberg AFB CDP,1.8
Vandenberg Village CDP,5.4
Santa Clara County,6.9
Alum Rock CDP,9.9
Burbank CDP,4.5
Cambrian Park CDP,6.4
Campbell city,5.6
Cupertino city,5.3
East Foothills CDP,4.5
Fruitdale CDP,8.9
Gilroy city,7.8
Lexington Hills CDP,0.5
Los Altos city,3.1
Los Altos Hills town,2.0
Los Gatos town,3.9
Loyola CDP,2.1
Milpitas city,5.9
Monte Sereno city,0.6
Morgan Hill city,3.7
Mountain View city,5.4
Palo Alto city,4.7
San Jose city,7.9
San Martin CDP,7.3
Santa Clara city,8.0
Saratoga city,3.1
Stanford CDP,21.0
Sunnyvale city,5.3
Santa Cruz County,11.4
Amesti CDP,15.8
Aptos CDP,4.3
Aptos Hills-Larkin Valley CDP,4.0
Ben Lomond CDP,3.3
Bonny Doon CDP,11.4
Boulder Creek CDP,5.3
Brookdale CDP,12.7
Capitola city,15.0
Corralitos CDP,5.0
Davenport CDP,4.9
Day Valley CDP,4.8
Felton CDP,4.2
Freedom CDP,7.0
Interlaken CDP,7.0
La Selva Beach CDP,6.0
Live Oak CDP,12.1
Lompico CDP,10.5
Mount Hermon CDP,0.0
Pajaro Dunes CDP,10.8
Paradise Park CDP,0.0
Pasatiempo CDP,0.6
Pleasure Point CDP,7.8
Rio del Mar CDP,3.3
Santa Cruz city,18.7
Scotts Valley city,4.0
Seacliff CDP,3.7
Soquel CDP,6.3
Twin Lakes CDP (Santa Cruz County),16.5
Watsonville city,13.8
Zayante CDP,18.2
Shasta County,13.3
Anderson city,19.1
Bella Vista CDP,5.4
Big Bend CDP,34.9
Burney CDP,15.6
Cassel CDP,50.4
Castella CDP,20.4
Centerville CDP (Shasta County),7.9
Cottonwood CDP (Shasta County),8.6
Fall River Mills CDP,3.8
French Gulch CDP,8.1
Happy Valley CDP,4.5
Hat Creek CDP,0.0
Igo CDP,0.0
Johnson Park CDP,23.1
Jones Valley CDP,7.2
Keswick CDP,34.1
Lakehead CDP,22.0
McArthur CDP,29.2
Millville CDP,5.8
Montgomery Creek CDP,8.9
Mountain Gate CDP,45.2
Oak Run CDP,51.6
Old Station CDP,-
Ono CDP,11.1
Palo Cedro CDP,2.9
Platina CDP,48.0
Redding city,14.1
Round Mountain CDP,31.0
Shasta CDP,10.9
Shasta Lake city,18.1
Shingletown CDP,7.5
Whitmore CDP,15.8
Sierra County,12.6
Alleghany CDP,0.0
Calpine CDP,0.0
Downieville CDP,0.0
Goodyears Bar CDP,0.0
Loyalton city,23.9
Pike CDP,9.3
Sattley CDP,100.0
Sierra Brooks CDP,17.9
Sierra City CDP,0.0
Sierraville CDP,1.3
Verdi CDP,0.0
Siskiyou County,16.7
Carrick CDP,0.0
Dorris city,21.2
Dunsmuir city,15.5
Edgewood CDP,0.0
Etna city,15.2
Fort Jones city,29.6
Gazelle CDP,4.9
Greenview CDP,6.4
Grenada CDP,10.6
Happy Camp CDP,23.6
Hornbrook CDP,45.1
Lake Shastina CDP,7.9
McCloud CDP,14.3
Macdoel CDP,16.8
Montague city,23.0
Mount Hebron CDP,4.4
Mount Shasta city,18.5
Tennant CDP,0.0
Tulelake city,37.2
Weed city,34.7
Yreka city,21.0
Solano County,9.0
Allendale CDP,9.4
Benicia city,5.6
Dixon city,7.2
Elmira CDP,17.7
Fairfield city,9.2
Green Valley CDP (Solano County),5.1
Hartley CDP,6.5
Rio Vista city,9.1
Suisun City city,9.0
Vacaville city,6.9
Vallejo city,11.5
Sonoma County,8.9
Bloomfield CDP,10.2
Bodega CDP,15.9
Bodega Bay CDP,0.0
Boyes Hot Springs CDP,10.4
Carmet CDP,0.0
Cazadero CDP,2.9
Cloverdale city,6.2
Cotati city,7.4
Eldridge CDP,16.5
El Verano CDP,2.3
Fetters Hot Springs-Agua Caliente CDP,12.1
Forestville CDP,6.6
Fulton CDP,25.9
Geyserville CDP,8.2
Glen Ellen CDP,28.3
Graton CDP,21.7
Guerneville CDP,8.9
Healdsburg city,10.8
Jenner CDP,0.0
Kenwood CDP,10.5
Larkfield-Wikiup CDP,6.6
Monte Rio CDP,10.4
Occidental CDP,8.5
Penngrove CDP,9.9
Petaluma city,5.9
Petaluma Center CDP,2.4
Rohnert Park city,9.7
Salmon Creek CDP,0.0
Santa Rosa city,10.0
Sea Ranch CDP,11.6
Sebastopol city,8.2
Sereno del Mar CDP,14.3
Sonoma city,8.8
Sonoma State University CDP,-
Temelec CDP,2.3
Timber Cove CDP,0.0
Valley Ford CDP,-
Windsor town,4.2
Stanislaus County,13.7
Airport CDP,39.0
Bret Harte CDP,40.9
Bystrom CDP,25.7
Ceres city,15.3
Cowan CDP,0.0
Crows Landing CDP,21.7
Del Rio CDP,0.0
Denair CDP,10.2
Diablo Grande CDP,1.4
East Oakdale CDP,6.7
Empire CDP,27.2
Grayson CDP,5.7
Hickman CDP,7.1
Hughson city,10.3
Keyes CDP,27.7
Knights Ferry CDP,9.7
La Grange CDP,60.1
Modesto city,13.8
Monterey Park Tract CDP,20.3
Newman city,8.1
Oakdale city,13.0
Orange Blossom CDP,8.8
Parklawn CDP,12.0
Patterson city,7.8
Riverbank city,13.3
Riverdale Park CDP,29.1
Rouse CDP,21.6
Salida CDP,8.3
Turlock city,13.1
Valley Home CDP,17.9
Waterford city,17.4
Westley CDP,30.6
West Modesto CDP,23.4
Sutter County,13.3
East Nicolaus CDP,22.1
Live Oak city,16.4
Meridian CDP,13.0
Nicolaus CDP,9.6
Rio Oso CDP,2.4
Robbins CDP,22.3
Sutter CDP,5.1
Trowbridge CDP,11.5
Yuba City city,13.7
Tehama County,16.2
Bend CDP,3.6
Corning city,14.8
Dales CDP,67.1
Flournoy CDP,23.2
Gerber CDP,31.5
Lake California CDP,13.8
Las Flores CDP (Tehama County),0.0
Los Molinos CDP,40.8
Manton CDP,5.6
Mineral CDP,10.4
Paskenta CDP,14.3
Paynes Creek CDP,0.0
Proberta CDP,0.0
Rancho Tehama Reserve CDP,41.6
Red Bluff city,20.9
Richfield CDP,36.6
Tehama city,6.9
Vina CDP,44.1
Trinity County,22.0
Burnt Ranch CDP,66.7
Coffee Creek CDP,14.4
Douglas City CDP,23.8
Hayfork CDP,30.7
Hyampom CDP,9.8
Junction City CDP,19.4
Lewiston CDP,15.7
Mad River CDP,36.3
Post Mountain CDP,0.0
Ruth CDP,17.9
Salyer CDP,13.0
Trinity Center CDP,8.4
Trinity Village CDP,8.6
Weaverville CDP,23.0
Tulare County,18.5
Allensworth CDP,29.8
Alpaugh CDP,48.5
California Hot Springs CDP,0.0
Camp Nelson CDP,11.0
Cedar Slope CDP,-
Cutler CDP,16.2
Delft Colony CDP,90.4
Dinuba city,27.8
Ducor CDP,8.4
Earlimart CDP,16.1
East Orosi CDP,76.3
East Porterville CDP,41.8
East Tulare Villa CDP,21.5
El Monte Mobile Village CDP,0.0
El Rancho CDP,100.0
Exeter city,19.3
Farmersville city,24.6
Goshen CDP,22.5
Hartland CDP,-
Hypericum CDP,0.0
Idlewild CDP,0.0
Ivanhoe CDP,11.7
Jovista CDP,23.3
Kennedy Meadows CDP,100.0
Lemon Cove CDP,39.6
Lindcove CDP,28.0
Lindsay city,33.9
Linnell Camp CDP,51.3
London CDP,34.1
McClenney Tract CDP,100.0
Matheny CDP,10.1
Monson CDP,0.0
Orosi CDP,25.9
Panorama Heights CDP,27.3
Patterson Tract CDP,14.2
Pierpoint CDP,0.0
Pine Flat CDP,27.6
Pixley CDP,26.1
Plainview CDP,29.4
Ponderosa CDP,0.0
Poplar-Cotton Center CDP,27.3
Porterville city,17.7
Posey CDP,-
Poso Park CDP,-
Richgrove CDP,39.6
Rodriguez Camp CDP,78.8
Sequoia Crest CDP,0.0
Seville CDP,24.3
Silver City CDP,-
Springville CDP,17.5
Strathmore CDP,27.6
Sugarloaf Saw Mill CDP,-
Sugarloaf Village CDP,0.0
Sultana CDP,35.4
Terra Bella CDP,43.4
Teviston CDP,14.7
Three Rivers CDP,6.0
Tipton CDP,31.5
Tonyville CDP,62.4
Tooleville CDP,51.0
Traver CDP,8.2
Tulare city,17.5
Visalia city,12.6
Waukena CDP,0.0
West Goshen CDP,12.6
Wilsonia CDP,0.0
Woodlake city,24.5
Woodville CDP,30.0
Woodville Farm Labor Camp CDP,28.7
Yettem CDP,0.0
Tuolumne County,11.4
Cedar Ridge CDP,7.7
Chinese Camp CDP,44.4
Cold Springs CDP (Tuolumne County),100.0
Columbia CDP,19.5
East Sonora CDP,4.6
Groveland CDP,16.4
Jamestown CDP,9.2
Long Barn CDP,0.0
Mi-Wuk Village CDP,2.4
Mono Vista CDP,8.9
Phoenix Lake CDP,7.9
Pine Mountain Lake CDP,6.0
Sierra Village CDP,25.6
Sonora city,20.0
Soulsbyville CDP,7.8
Strawberry CDP (Tuolumne County),75.4
Tuolumne City CDP,1.6
Tuttletown CDP,19.6
Twain Harte CDP,10.9
Ventura County,9.0
Bell Canyon CDP,2.6
Camarillo city,7.4
Casa Conejo CDP,5.1
Channel Islands Beach CDP,5.6
El Rio CDP,17.8
Fillmore city,6.8
Lake Sherwood CDP,3.2
Meiners Oaks CDP,5.1
Mira Monte CDP,15.8
Moorpark city,4.0
Oak Park CDP,5.6
Oak View CDP,7.6
Ojai city,7.4
Oxnard city,10.7
Piru CDP,13.9
Port Hueneme city,13.0
San Buenaventura (Ventura) city,9.6
Santa Paula city,17.3
Santa Rosa Valley CDP,0.3
Santa Susana CDP,7.2
Saticoy CDP,4.9
Simi Valley city,7.0
Somis CDP,3.2
Thousand Oaks city,7.9
Yolo County,17.4
Brooks CDP,-
Clarksburg CDP,0.0
Davis city,26.3
Dunnigan CDP,13.2
El Macero CDP,0.0
Esparto CDP,12.6
Guinda CDP,25.8
Knights Landing CDP,18.9
Madison CDP,19.3
Monument Hills CDP,1.8
Rumsey CDP,0.0
Tancred CDP,0.0
University of California-Davis CDP,66.0
West Sacramento city,14.3
Winters city,6.5
Woodland city,9.3
Yolo CDP,67.3
Yuba County,15.4
Beale AFB CDP,9.0
Camptonville CDP,1.3
Challenge-Brownsville CDP,19.5
Dobbins CDP,23.6
Linda CDP,22.6
Loma Rica CDP,9.7
Marysville city,24.2
Olivehurst CDP,11.2
Plumas Lake CDP,3.5
Smartsville CDP,0.8
Wheatland city,5.6